GE,6.57,-.21,"129,404,442"
NLY,6.16,-.18,"125,371,254"
ADAP,11.07,+6.21,"113,528,936"
MRO,5.34,-.36,"107,575,361"
F,5.71,-.14,"93,039,226"
NERV,3.71,-9.76,"82,286,789"
NCLH,15.66,-.41,"77,548,609"
PRTY,1.29,+.27,"65,296,771"
SIRI,5.82,+.14,"62,455,309"
OXY,12.95,-.69,"61,378,450"
ZNGA,9.15,+1.08,"60,893,526"
COTY,3.63,-.56,"60,534,395"
ABEV,2.31,-.07,"60,412,045"
AAL,10.50,-.48,"59,054,713"
PHIO,3.05,+.81,"58,684,046"
M,6.36,-.47,"52,869,109"
TME,12.92,+.69,"50,534,938"
CCL,15.74,-.19,"50,358,472"
APA,10.79,-1.08,"47,936,768"
MARK,2.64,-.33,"44,437,745"
DVN,10.81,-.85,"43,105,622"
NBL,8.73,-.78,"41,419,593"
AGNC,12.94,-.15,"41,192,704"
HTZ,1.00,-.02,"40,261,003"
KIM,11.11,-.60,"38,668,615"
PTEN,3.69,-.59,"38,517,817"
AUY,5.36,+.24,"37,986,569"
ITUB,4.25,-.08,"37,532,898"
DHC,3.58,-.36,"37,220,819"
FTI,7.40,-.28,"35,614,005"
SNOA,9.70,+4.29,"34,597,168"
FLEX,9.71,-.22,"32,378,550"
DXC,14.21,-2.36,"29,835,425"
HPQ,15.14,+.13,"29,051,141"
GNUS,2.05,+.24,"27,603,960"
DVAX,6.12,+1.28,"26,848,120"
GPS,8.90,-.69,"26,845,947"
AVTR,18.97,+.64,"26,827,875"
HTBX,1.0200,-.09,"26,558,473"
MNLO,2.39,-.12,"26,351,275"
CGC,17.37,-4.35,"25,314,081"
JWN,16.13,-1.99,"25,117,527"
HBI,9.86,-.35,"24,388,343"
MGM,17.18,-.05,"24,242,889"
HPE,9.71,+.12,"23,840,832"
SAVE,12.95,+.02,"23,683,315"
NBRV,1.14,+.2887,"23,105,137"
NAK,1.30,+.15,"22,275,488"
XSPA,.8300,-.008,"21,398,917"
KSS,19.22,-.90,"21,263,835"
XRX,15.88,-.93,"20,755,308"
SABR,6.97,-.41,"20,236,265"
FG,8.34,+.58,"19,401,081"
INO,14.75,+1.40,"19,359,600"
TBLT,.8711,-.2289,"19,085,664"
TPR,13.60,-.39,"18,881,910"
HST,11.94,-.09,"17,952,656"
JEF,14.65,-.27,"17,275,194"
TRGP,17.89,-.43,"16,923,390"
UA,7.86,-.26,"16,378,230"
AGEN,3.73,+.85,"16,321,869"
BTG,5.48,+.32,"16,012,930"
ERJ,5.49,+.31,"15,968,665"
KTB,14.62,-.39,"15,833,403"
UAA,8.75,-.30,"15,491,987"
APY,9.07,+.16,"15,384,334"
SRNE,5.05,+.10,"15,065,435"
MFA,1.69,-.08,"14,878,003"
OVV,7.69,-.55,"14,728,371"
GGAL,8.01,-.82,"14,391,807"
UNM,15.15,-.77,"13,932,835"
MBT,8.89,-.07,"13,799,604"
JBLU,10.07,-.10,"13,444,812"
CNP,17.78,-.24,"12,805,887"
CPRI,15.04,-1.33,"12,722,440"
QEP,.8536,-.0724,"12,639,024"
CLR,12.23,-.97,"12,402,875"
HEXO,.6329,-.0476,"12,014,110"
IVZ,7.97,-.16,"11,971,691"
LTM,1.12,+.02,"11,950,223"
PBR/A,7.54,+.20,"11,553,404"
NYMT,2.08,-.13,"11,292,798"
TIVO,6.09,-.32,"11,056,184"
ALLY,17.44,-.93,"11,025,352"
VBIV,2.18,+.20,"10,997,165"
TLRY,9.85,-.54,"10,950,210"
AIM,2.80,+.30,"10,815,684"
FITB,19.39,-.74,"10,798,922"
ADMA,3.29,+.43,"10,762,020"
ACB,14.08,-1.26,"10,725,557"
SPCE,17.04,+.57,"10,655,909"
IVR,2.77,-.06,"10,406,265"
SAN,2.27,-.08,"10,397,660"
GMBL,8.85,+3.43,"10,332,598"
AGE,1.13,+.375,"10,028,047"
OGI,1.74,-.13,"9,983,518"
VIPS,17.34,+1.57,"9,628,886"
CIDM,.85,-.0194,"9,287,122"
BCRX,4.495,0,"8,828,822"
ING,6.38,-.16,"8,729,247"
MAC,6.81,-.43,"8,726,203"
PK,9.83,-.43,"8,672,302"
BGCP,2.575,-.095,"8,507,456"
TGI,7.49,-1.62,"8,213,135"
MTG,8.21,-.30,"8,057,598"
TWO,4.52,-.25,"8,055,451"
AA,9.21,-.27,"7,942,378"
DGLY,1.1200,+.2801,"7,672,931"
IPG,17.11,-.075,"7,658,024"
TNXP,.6500,-.0263,"7,574,885"
FMCI,12.91,+1.47,"7,510,252"
RMED,.516,+.0225,"7,243,818"
APHA,4.23,-.08,"7,146,192"
AEO,9.16,-.38,"6,932,761"
MLND,2.66,+.68,"6,898,146"
BMA,17.16,-2.32,"6,714,273"
MT,9.62,-.23,"6,572,949"
MOMO,19.40,-.55,"6,516,192"
CLNY,2.01,-.11,"6,510,041"
KDMN,4.44,-.02,"6,508,676"
TRIL,6.78,+1.01,"6,384,633"
GERN,1.61,0,"6,030,377"
HX,1.13,-.17,"5,982,941"
VSTM,1.86,+.10,"5,962,426"
COMM,10.31,-.11,"5,961,955"
CSTM,8.21,-.35,"5,951,855"
ARPO,1.12,-.01,"5,893,754"
PLAY,13.19,-.44,"5,873,649"
NG,9.56,-.15,"5,735,822"
ABIO,12.60,-6.61,"5,494,289"
PTLA,17.95,+.10,"5,437,981"
BCS,5.66,-.24,"5,400,257"
ESRT,6.63,-.49,"5,325,167"
HLX,3.36,-.05,"5,317,539"
MEIP,3.655,+.355,"5,283,641"
APLE,10.21,-.18,"5,283,387"
BLMN,11.41,+.01,"5,282,570"
LXP,9.72,+.12,"5,230,638"
CHCI,2.32,+.32,"5,230,540"
AMC,5.13,+.06,"5,158,931"
CIM,8.31,-.20,"5,123,096"
NNDM,2.59,-.08,"5,106,099"
STWD,13.26,-.65,"5,081,467"
CIG,1.99,0,"4,875,532"
CGEN,15.39,+3.01,"4,842,796"
MITT,2.46,-.22,"4,761,765"
LXU,1.08,-.28,"4,677,812"
BORR,.6195,-.0754,"4,609,506"
MFGP,4.90,-.65,"4,606,458"
AEG,2.67,-.11,"4,564,129"
INPX,1.31,-.06,"4,561,700"
USFD,19.14,-.26,"4,542,406"
HTGM,.5299,-.0476,"4,468,047"
CS,9.06,-.25,"4,416,404"
ATHX,2.91,+.13,"4,339,325"
RWT,5.35,-.05,"4,311,809"
MFC,12.41,-.16,"4,303,893"
ALT,9.28,+1.10,"4,298,398"
DRH,5.99,+.02,"4,230,456"
FRO,9.13,+.04,"4,179,246"
ENBL,4.16,-.08,"4,160,371"
MRNS,2.54,-.26,"4,138,061"
DFFN,1.30,+.01,"4,133,641"
XPER,13.75,-.35,"4,099,067"
TTOO,.8393,+.0094,"4,096,016"
ENIA,7.42,+.14,"4,090,228"
PBF,10.62,-.29,"4,078,336"
RRR,13.80,-.41,"3,975,250"
INSG,10.62,+.53,"3,876,523"
CNK,15.03,-.27,"3,872,647"
GNC,.7544,+.0244,"3,811,672"
SVC,6.75,-.29,"3,809,078"
IRWD,9.73,-.025,"3,734,029"
TU,17.36,+.18,"3,683,385"
MGEN,.9870,-.163,"3,678,390"
MUFG,4.17,-.10,"3,668,683"
EVRI,6.21,+.07,"3,607,253"
PEIX,.6670,+.1795,"3,599,679"
DOC,17.27,-.17,"3,569,949"
BKD,3.66,+.12,"3,563,791"
SMLP,1.31,+.24,"3,512,444"
MGNX,19.24,-3.76,"3,509,978"
SBS,10.03,+.36,"3,503,340"
TELL,.9999,-.0101,"3,480,124"
AHT,.69,-.14,"3,438,683"
MIK,3.86,+.275,"3,425,005"
SITC,5.67,-.29,"3,421,861"
AVEO,8.16,-1.05,"3,380,498"
ANF,11.62,+.02,"3,373,884"
CDR,.7445,-.0455,"3,332,356"
DLPH,12.88,+.05,"3,290,940"
DRRX,2.34,-.04,"3,289,140"
VRT,12.73,+.18,"3,242,438"
PMT,11.01,-.79,"3,232,154"
AZUL,7.98,-.18,"3,030,484"
LLNW,4.94,-.13,"3,027,710"
VIV,8.77,+.024834,"3,012,385"
WMC,1.98,-.16,"2,972,567"
GTCH,.0305,+.0004,"2,964,025"
ANH,1.46,-.07,"2,905,405"
UAVS,1.19,-.01,"2,903,132"
ALRN,1.6200,+.30,"2,889,763"
TORC,2.17,-.04,"2,818,016"
NAKD,.6250,-.054,"2,809,699"
RUBI,6.27,+.04,"2,800,918"
RBS,2.78,-.16,"2,775,177"
SVM,4.42,+.23,"2,775,065"
UNVR,15.46,-.01,"2,769,065"
HOME,4.74,+.09,"2,743,900"
BLRX,1.94,+.21,"2,716,359"
LADR,7.95,-.26,"2,707,536"
MGI,2.44,+.17,"2,698,320"
SWCH,19.11,+.25,"2,697,444"
RDN,15.88,-.07,"2,681,565"
IZEA,.6098,-.0202,"2,608,968"
AVID,7.06,+.70,"2,608,497"
OUT,14.04,-.43,"2,607,772"
ARGGY,.6860,-.064,"2,585,548"
PEB,13.66,-.43,"2,563,931"
FNMAT,8.15,+.31,"2,537,629"
NR,2.02,-.13,"2,532,558"
MFAC/WS,.68,+.24,"2,531,588"
SSL,5.14,+.05,"2,510,067"
TCON,2.30,+.21,"2,489,079"
LL,9.94,-.09,"2,481,693"
OIS,4.24,-.15,"2,481,280"
RNWK,1.85,-.11,"2,480,932"
OCN,.7392,-.0625,"2,479,431"
RIOT,2.14,-.07,"2,461,524"
ETM,1.67,-.12,"2,459,822"
NGL,5.10,-.08,"2,451,769"
EC,10.41,-.13,"2,431,765"
LRENY,7.30,-.03,"2,425,652"
NCMI,2.75,-.05,"2,421,755"
BSBR,4.70,-.03,"2,390,668"
TUP,3.23,-.11,"2,379,129"
CIT,18.14,-1.08,"2,346,576"
TROX,6.64,-.46,"2,328,458"
NMRK,4.25,-.35,"2,260,584"
AROC,6.35,+.11,"2,250,559"
BPY,10.36,-.26,"2,211,624"
GNMK,9.49,-.14,"2,202,609"
HMHC,1.53,-.10,"2,200,288"
TRVN,1.30,-.02,"2,199,534"
RPAI,5.42,-.36,"2,178,178"
RUTH,8.11,-.65,"2,172,199"
CVA,9.00,-.30,"2,158,369"
ATRA,11.50,+.26,"2,152,265"
SSRM,19.23,+.34,"2,122,807"
LTRPA,2.375,-.475,"2,118,818"
SOLO,1.14,+.01,"2,108,951"
CRBP,7.46,-.02,"2,097,503"
BGG,1.64,-.13,"2,093,228"
TTM,5.71,-.04,"2,091,259"
SEAS,18.06,-.63,"2,085,973"
ASX,4.08,+.05,"2,059,223"
CLSN,3.00,+.05,"2,055,119"
WRTC,6.45,+1.39,"2,053,467"
XAN,2.00,-.19,"2,040,490"
PTN,.5069,-.0145,"2,013,066"
CUK,13.53,-.47,"2,011,765"
ARR,7.83,-.34,"2,001,718"
EOLS,4.57,-.73,"2,000,780"
CENX,5.96,+.065,"1,992,270"
VFF,5.44,-.24,"1,963,768"
ROIC,9.39,-.45,"1,939,849"
CYDY,2.96,+.14,"1,921,013"
ALDX,4.92,+.20,"1,918,887"
LILAK,9.60,-.11,"1,890,589"
PHAS,6.01,-.01,"1,885,779"
MARA,.7000,-.0332,"1,880,596"
SNR,2.90,-.08,"1,870,646"
CWK,10.25,-.29,"1,869,997"
CRK,5.36,+.13,"1,839,468"
PHUN,1.29,-.05,"1,828,565"
BAYRY,17.0999,-.1301,"1,821,874"
GES,9.57,-.50,"1,810,316"
ONDK,.7479,-.1132,"1,806,622"
SLGG,3.30,+.60,"1,804,699"
EVFM,5.46,-.07,"1,794,373"
MDP,14.94,-1.42,"1,792,926"
LCTX,.8817,-.0434,"1,783,194"
QFIN,10.05,+.45,"1,776,102"
RYCEY,3.48,-.47,"1,772,168"
AESE,2.45,+.62,"1,771,271"
ALJJ,.6500,+.1123,"1,757,685"
INN,6.25,-.06,"1,755,042"
OXLC,3.40,+.35,"1,716,479"
ASRT,.9866,+.0308,"1,711,111"
GEO,11.98,-.40,"1,706,759"
DS,1.78,-.03,"1,686,862"
CERS,6.22,+.14,"1,676,396"
CEQP,14.21,+.32,"1,655,565"
CAL,7.17,-.51,"1,629,922"
SGMS,15.73,-.09,"1,619,821"
MOD,5.35,+.27,"1,613,812"
TRPX,.5000,-.03,"1,607,675"
CLBS,1.90,+.12,"1,607,294"
LPG,8.22,+.30,"1,607,157"
GIII,10.33,-.85,"1,604,023"
THM,1.1300,+.04,"1,589,772"
GPMT,4.92,-.19,"1,577,660"
FRSX,.8399,-.0401,"1,572,688"
SNCA,.92,-.035,"1,571,097"
VHC,6.65,+.20,"1,563,471"
EQX,9.22,+.17,"1,551,992"
CHAP,.4986,+.0086,"1,547,953"
CALA,5.82,+.01,"1,547,823"
EURN,10.12,-.02,"1,543,360"
ELY,15.32,+.08,"1,541,288"
PVAC,8.78,-.19,"1,534,921"
MAXR,15.07,+.29,"1,532,260"
OGZPY,5.65,+.175,"1,522,854"
FHB,17.25,-.17,"1,511,495"
CJJD,2.57,+.05,"1,499,205"
ZEST,2.70,+.43,"1,497,672"
TRTX,7.41,-.10,"1,494,213"
OTLK,1.0200,+.01,"1,484,691"
GEN,.8621,-.0879,"1,479,888"
LPCN,.9136,-.0114,"1,473,080"
CALX,14.10,-.15,"1,466,505"
SFET,1.30,-.05,"1,456,885"
LFC,9.47,+.12,"1,450,084"
EMAN,.5254,-.0112,"1,439,945"
DHY,1.97,+.02,"1,425,224"
STKL,4.69,+.50,"1,416,838"
SMHI,1.55,+.03,"1,416,006"
TOUR,.9989,-.1011,"1,414,016"
DHF,2.60,+.04,"1,410,112"
ASM,.6900,+.056,"1,399,080"
DENN,10.845,-.425,"1,397,424"
SEM,16.14,-.26,"1,393,730"
OEC,11.06,-.27,"1,385,978"
TAST,4.29,+.01,"1,372,261"
ZSAN,.9800,-.02,"1,363,434"
AVAL,4.39,0,"1,356,774"
CLI,15.21,-.47,"1,352,335"
STNG,17.74,-.26,"1,349,717"
CHEK,.5260,-.0067,"1,326,351"
VIVO,15.46,+1.28,"1,324,284"
SGBX,2.53,-.09,"1,315,960"
SURF,5.11,+.22,"1,299,118"
CSIQ,18.80,+.66,"1,292,127"
SCYX,.7542,-.0185,"1,290,220"
BHR,3.40,-.25,"1,278,713"
CLUB,.83,-.17,"1,277,559"
CVSI,.8850,+.00495,"1,273,371"
AFMD,3.29,+.17,"1,270,535"
SONM,.83,+.0049,"1,269,198"
CHEF,14.80,-.20,"1,262,713"
SGSVF,1.41,+.10,"1,259,656"
APTS,6.99,-.44,"1,259,581"
HT,5.04,-.32,"1,254,632"
ARCO,3.88,+.06,"1,254,540"
BKE,14.08,-.64,"1,229,719"
CRLBF,4.92,+.0375,"1,227,997"
ZYNE,5.26,-.13,"1,224,899"
VNOM,10.49,-.16,"1,221,505"
HA,14.43,-.42,"1,220,600"
SPWH,11.17,+.46,"1,214,999"
NK,6.74,+.13,"1,212,484"
CXP,12.73,-.42,"1,211,546"
PDSB,1.31,+.06,"1,207,513"
OBSV,3.74,-.19,"1,206,083"
KLXE,1.48,-.155,"1,205,673"
PLT,13.03,+.50,"1,196,091"
VRML,3.2700,+.02,"1,193,613"
JELD,13.63,-.91,"1,191,247"
SILV,8.93,+.81,"1,189,633"
EIGI,3.58,+.17,"1,186,381"
GENE,2.04,0,"1,178,863"
YI,7.40,-.16,"1,175,472"
BOMN,16.32,-.09,"1,171,892"
PDM,16.68,-.57,"1,165,572"
INVE,4.18,+.09,"1,165,189"
PAVM,1.99,+.01,"1,159,108"
KSHB,1.1850,-.015,"1,154,765"
OSUR,14.54,+1.03,"1,143,620"
CLSK,2.01,-.09,"1,143,299"
ASNA,1.67,-.28,"1,133,581"
ELYGF,1.1700,+.12,"1,133,453"
FLXN,11.43,-.22,"1,133,152"
WPRT,1.31,-.07,"1,128,887"
TMBR,2.70,-.18,"1,127,728"
PRTS,6.97,+.51,"1,119,705"
CERC,3.23,+.305,"1,098,181"
WNC,9.55,-.34,"1,090,934"
NIU,10.65,-.08,"1,089,813"
LJPC,4.72,+.06,"1,085,997"
CNTY,5.47,+.33,"1,083,646"
TGEN,.6600,-.20,"1,066,252"
SGLB,2.59,+.09,"1,044,858"
SRG,7.87,-.74,"1,044,791"
ZIXI,6.72,+.24,"1,044,703"
CEMI,9.63,+.66,"1,026,277"
IMAX,12.61,+.43,"1,022,413"
PPERY,6.00,+.335,"1,022,239"
YCBD,1.47,-.06,"1,020,283"
NNBR,4.47,+.33,"1,019,613"
ONCY,2.44,-.04,"1,014,048"
ELP,11.91,+.14,"1,013,858"
CIK,2.66,+.03,"1,009,273"
GRNQ,1.45,-.22,"1,000,011"
PRMW,12.03,+.29,"998,986"
NVUS,1.27,-.04,"997,205"
MAG,12.47,+.63,"996,037"
RQI,10.74,-.02,"989,611"
VNET,14.60,+.47,"987,882"
ONVO,.6315,-.0372,"987,814"
DTIL,7.01,-.05,"979,988"
CCRN,6.07,-.20,"971,632"
MESA,3.25,-.16,"971,479"
FAX,3.68,+.04,"963,253"
PBFX,10.40,+.15,"961,544"
VECO,11.74,+.37,"956,443"
MEOH,16.11,-.92,"949,660"
OVID,5.35,+.095,"941,471"
GOSS,12.15,+.05,"939,816"
ARYA,13.40,+2.40,"934,229"
XHR,9.00,-.34,"933,051"
USAS,2.48,+.03,"929,551"
RESI,7.50,-.09,"928,780"
NMIH,15.365,-.125,"928,612"
CHK,13.01,-.30,"925,723"
VSTO,9.71,+.42,"918,129"
MCF,2.75,+.12,"917,807"
LC,5.35,-.43,"914,442"
MMMM,.5499,-.0201,"913,789"
PLYA,2.61,-.06,"913,475"
MNRL,13.25,+.04,"913,096"
ENLAY,7.66,+.23,"912,562"
SNDX,16.20,+.15,"904,765"
ZYXI,19.40,+.47,"899,077"
SEEL,1.2300,-.03,"897,266"
MTEM,15.52,+.09,"895,909"
KALA,12.31,+.06,"894,980"
ACRGF,3.30,-.64,"891,188"
IHRT,8.70,+.575,"878,530"
NBLX,9.67,+.05,"878,322"
TRIB,1.26,-.01,"868,997"
CCCL,.6464,+.0178,"866,409"
GTX,5.17,-.14,"858,802"
BBX,1.79,-.14,"857,703"
ACDVF,11.546,-.07911,"856,833"
CREX,2.52,-.03,"854,551"
UMRX,.5612,-.0328,"851,456"
TNK,17.38,-.02,"840,841"
AGS,5.21,+.08,"833,351"
SLRX,.9899,-.0601,"814,307"
LXXGF,.6200,+.015,"803,466"
BHLB,10.82,-.63,"801,473"
BKCC,2.71,-.29,"794,150"
AQST,4.87,-.12,"792,178"
CWBHF,5.37932,-.54125,"791,914"
ICLK,5.21,+.22,"786,300"
VBLT,1.23,0,"785,769"
PARR,9.29,-.25,"784,223"
EXTN,6.42,-.63,"783,819"
FFBC,13.29,-.75,"778,707"
CLRB,1.513,+.163,"775,139"
AMBC,13.42,-.86,"767,723"
SCPL,14.02,+.75,"765,807"
HUSKF,2.83475,-.25325,"762,394"
NXGN,10.32,-.18,"760,699"
BDORY,5.685,-.115,"760,053"
CLPHY,9.89,+.11,"758,791"
LRTNF,.9480,+.0283,"756,683"
ACRE,7.45,-.53,"755,702"
CMCM,2.74,-.09,"753,167"
EFOI,.9100,-.03,"748,202"
FI,2.25,-.15,"747,009"
AEMD,1.47,-.10,"746,835"
TWI,1.23,-.06,"741,911"
EBR,5.36,0,"739,146"
NAVB,2.62,+.05,"738,137"
SPH,14.59,-.12,"737,502"
CTXR,.8680,-.002,"733,353"
DBOEY,16.43,-.005,"731,779"
SOGO,3.19,+.04,"731,696"
ORGO,4.13,-.48,"730,219"
DMPI,.9800,-.05,"723,732"
SINT,.6899,-.0266,"719,316"
WBK,11.36,-.68,"719,193"
CTMX,8.86,+.13,"715,319"
EYES,.9555,+.019,"712,405"
PLAB,11.99,+.55,"711,942"
SND,1.06,-.11,"707,033"
CYCC,5.02,-.38,"704,947"
WFSTF,.5556,-.0344,"700,688"
VGZ,.9030,+.0505,"698,918"
TMST,3.50,-.22,"698,042"
AINV,10.10,+.02,"691,216"
TISI,4.93,-.42,"685,345"
DRTT,1.31,+.04,"684,355"
MG,4.04,-.35,"676,799"
BTHR,1.0400,-.15,"676,309"
TBBK,8.80,+.51,"666,399"
GDEN,12.195,+.105,"665,366"
IDCBY,12.93,+.07,"658,033"
ATRO,9.13,-.20,"657,923"
KOPN,1.0400,+.02,"657,017"
DFIN,8.15,-.03,"656,874"
FUTU,15.99,+1.11,"651,961"
MYSZ,.9799,-.0501,"647,972"
OXFD,12.25,+.26,"647,332"
KRA,15.25,-.72,"645,838"
HOTH,2.89,+.05,"635,435"
CORR,10.00,-1.05,"628,207"
SNES,1.91,+.03,"627,179"
GHG,13.27,+1.54,"624,899"
EVOK,2.47,-.05,"622,466"
UEPS,3.09,-.12,"621,627"
EEX,2.22,-.16,"621,271"
AGRO,4.31,+.03,"620,274"
VHI,.7839,-.1796,"619,564"
DSSI,10.95,+.28,"619,320"
TDW,4.77,-.46,"618,386"
TMRC,1.9200,+.14,"617,542"
CELH,9.27,+.58,"616,688"
HUD,5.04,-.10,"614,447"
AMPY,1.10,-.03,"612,612"
NTLA,17.51,-.01,"610,759"
GNCA,2.76,-.24,"603,625"
HMI,9.40,+.30,"601,094"
XYF,.6899,-.0801,"593,256"
HESM,19.42,+.03,"592,918"
EPOKY,11.06,+.01,"589,923"
HAFC,9.03,-.73,"587,699"
CLDT,6.75,-.61,"587,352"
GRWG,6.61,+.11,"581,712"
SPCB,1.06,-.03,"580,702"
LIND,7.85,+.17,"577,100"
AHH,8.62,-.48,"573,597"
GWB,14.24,-.55,"571,479"
TRST,6.30,-.38,"564,680"
GLRE,7.24,+.29,"563,660"
WSR,6.15,-.16,"560,507"
ARNGF,1.375,+.005,"555,920"
STCN,.5190,+.0316,"552,997"
XENE,13.70,+1.00,"552,234"
TITN,10.47,-.40,"550,642"
CPCAY,4.85,+.13,"546,944"
MESO,12.83,+.18,"546,378"
EADSY,15.99,-.52,"545,118"
REDU,3.01,-.46,"543,886"
OMP,8.74,-.06,"540,858"
ONE,3.68,-.28,"538,902"
FTAI,11.25,+.13,"532,338"
RGS,10.52,-.32,"530,707"
BGFV,1.86,-.04,"528,717"
EGY,.9919,+.0165,"528,199"
RC,5.87,-.30,"524,838"
NUVSF,.5704,-.0198,"524,134"
CIOXY,.750,+.0502,"523,814"
BCDRF,2.2645,-.0896,"522,762"
GFSZF,1.10629,+.03629,"522,379"
AGFS,2.66,-.02,"521,941"
TIGR,3.33,-.07,"519,872"
JILL,.6130,-.035,"516,893"
KURA,17.09,+.44,"512,199"
SNCR,2.725,+.085,"512,169"
PYX,2.81,-.05,"511,572"
SNGX,1.91,-.13,"510,224"
TBI,15.46,-.25,"509,516"
USAU,8.79,+.72,"508,524"
KIRK,1.13,+.05,"504,117"
MCFT,14.86,+.09,"501,759"
KRMD,10.12,+.57,"501,551"
NVGS,7.00,+1.56,"499,590"
FFWM,14.90,+.05,"498,987"
SYBX,2.51,+.06,"498,918"
IMMP,1.23,-.02,"496,251"
MRUS,13.65,-.49,"492,828"
BSGM,9.38,-.51,"491,746"
TTPH,2.16,-.10,"491,472"
CHUY,15.99,-.85,"491,203"
WHGLY,17.285,+.892,"491,196"
PIXY,5.17,-.06,"490,606"
SEAC,1.89,-.07,"489,209"
NCZ,3.72,+.05,"488,946"
TOMZ,1.0800,-.02,"487,174"
MBIO,3.73,+.16,"486,607"
NVIV,1.52,+.04,"486,504"
JCAP,12.07,-.21,"483,586"
FLGT,17.42,+1.36,"481,273"
LTGHY,4.07,+.0399,"476,492"
DTLAp,15.47,+1.72,"473,533"
PURE,1.2600,+.03,"472,844"
WBAI,2.84,-.57,"471,873"
MTL,1.81,-.08,"471,631"
BNED,1.55,-.10,"470,595"
EXPI,10.69,+.56,"468,681"
VITFF,9.3662,+.7002,"467,023"
SBRCY,11.44,-.16,"466,850"
DRD,9.77,+.47,"466,755"
ATOS,2.38,+.11,"465,787"
TENX,1.4400,-.06,"462,254"
PTE,.9764,-.0336,"453,844"
CUTR,13.28,-.08,"449,737"
HALL,2.33,-.26,"448,736"
LUCRF,.316452,-.044648,"446,047"
LIVX,2.86,-.08,"445,117"
GCAP,6.28,+.01,"444,618"
BOXL,.8514,-.0687,"444,479"
BRKL,9.30,-.59,"442,511"
OXSQ,2.98,0,"441,802"
KNL,10.56,-.98,"437,966"
AXLA,6.00,+.33,"437,943"
CVTI,12.60,-.16,"437,122"
RGLS,.7500,+.02,"436,344"
FRHC,17.39,+.07,"435,980"
FLY,8.28,-.29,"432,888"
ASPS,14.23,-1.44,"431,802"
LDL,10.82,-1.16,"427,358"
ARYAW,4.50,+1.7584,"426,681"
MCS,13.48,-.67,"424,354"
SHLO,1.1900,-.08,"419,484"
AWF,10.24,+.16,"418,499"
ATOM,8.68,-.21,"416,459"
KIN,4.29,-.11,"406,446"
CVEO,.5054,-.0095,"406,376"
SOHO,2.94,+.03,"406,213"
PBPB,2.10,-.02,"404,947"
VUZI,2.49,+.05,"403,205"
VRS,14.38,-.28,"401,702"
CESDF,.7371,-.0829,"400,853"
DKILY,14.69,-.06,"400,045"
CATS,19.81,+.57,"393,255"
POAI,1.54,+.03,"391,254"
SLNO,3.36,-.20,"388,704"
DSS,7.45,+.15,"386,095"
CTSO,10.21,+.545,"385,715"
GOOD,17.92,+.28,"384,033"
SOBKY,12.56,-.105,"383,483"
VVUS,1.12,-.05,"382,932"
SAXPY,17.68,-.56,"379,268"
MTC,2.13,+.1139,"378,471"
HRUFF,7.00,-.68,"377,307"
INWK,1.19,-.11,"373,154"
PNGAY,19.78,+.10,"370,789"
BBSEY,4.69,-.04,"369,678"
BLU,10.49,+.17,"369,352"
FTSI,6.14,-1.05,"369,255"
RYI,4.99,-.33,"365,445"
FIXX,14.24,-.58,"365,060"
PRPL,14.34,+.23,"361,929"
TESS,5.32,+.40,"359,386"
LQDA,9.24,-.24,"356,714"
HEGIF,8.12,+.12,"356,200"
LAC,4.12,-.08,"354,386"
ECOM,13.95,+.24,"352,122"
TMDX,13.21,-.62,"351,938"
MTP,1.25,-.14,"349,735"
DSVMF,.5440,+.0121,"347,708"
RNET,.9803,-.0597,"344,526"
SGAPY,17.40,-.30,"343,866"
WYY,.5700,+.0089,"343,453"
MCRB,5.49,-.05,"342,550"
HEES,17.14,-.42,"342,527"
MDWD,2.05,+.05,"341,597"
VREX,18.76,-.18,"339,122"
GILT,8.36,+.04,"337,968"
ASC,5.84,-.08,"336,257"
SKYS,2.68,-1.08,"335,730"
CSU,.6600,-.0705,"335,699"
LE,6.28,-.03,"335,580"
CVU,2.74,-.15,"332,122"
DRAD,2.06,-.17,"329,500"
AMPH,18.64,+.02,"329,371"
NTP,5.87,+.32,"325,699"
NUPMF,4.21,+.06,"321,841"
TRSSF,2.3164,+.1564,"321,550"
CMTL,17.81,-.07,"321,433"
OSMT,5.97,+.04,"321,364"
GMDA,5.63,-.02,"320,763"
PHIOW,.2809,+.042799,"319,286"
REVG,6.10,-.11,"315,849"
TRVG,2.10,-.04,"315,109"
NEW,6.76,0,"310,697"
RMBL,7.95,+.45,"309,331"
ANDE,12.96,-.09,"307,566"
ARTL,1.28,-.05,"305,913"
VVI,18.34,-.15,"305,566"
VERU,3.73,-.01,"304,682"
CVGI,2.53,0,"304,511"
AXTI,5.29,+.08,"302,180"
JAPSY,9.85,-.36,"300,472"
SKHHY,18.55,-.785,"299,534"
GFSZY,5.565,-.135,"298,027"
CMLS,5.17,-.74,"295,717"
CUBI,11.09,-.21,"293,870"
LORL,18.83,-.25,"293,471"
MLLLF,.5400,-.023,"291,531"
TRVI,2.74,-.03,"290,543"
SIGA,5.99,-.09,"289,523"
CFRX,5.17,-.14,"288,028"
ESVIF,.520,-.02122,"287,748"
SUZ,7.08,-.01,"286,697"
NDRA,.92,+.03,"286,667"
PFLT,8.32,+.04,"286,212"
GELYF,1.386,-.064,"284,168"
ICAGY,5.67,-.35,"283,952"
IMUX,11.99,+1.15,"282,805"
APTX,3.74,-.18,"281,427"
GNLN,3.44,-.21,"281,125"
MTA,5.93,+.23,"277,990"
HGEN,1.4850,+.585,"277,312"
SONN,4.13,-.06,"277,245"
STG,1.52,0,"275,983"
BW,2.15,-.04,"275,787"
JG,1.62,-.15,"275,372"
BLIN,1.70,+.01,"273,575"
SQNS,5.12,+.18,"273,033"
CNET,.900,-.0621,"272,789"
AACAY,5.17,+.15,"271,316"
NBO,11.40,+.09,"270,173"
CSGKF,9.05,-.27,"269,680"
CATO,9.70,-.48,"268,978"
THTX,1.80,-.22,"268,939"
OPRX,11.36,-.17,"268,931"
SPKE,8.22,-.59,"268,345"
TCS,2.85,+.02,"267,021"
SBOW,3.78,-.36,"266,610"
UBA,12.76,-.38,"265,113"
MGTA,8.84,-.35,"264,779"
STON,.7385,-.0522,"263,314"
UUU,.6060,-.034,"260,686"
SBBP,3.42,-.15,"259,204"
CICHY,15.75,-.02,"258,870"
CLPBY,16.64,+.28,"257,880"
HFFG,7.16,-.16,"256,907"
VMNGF,.8757,+.051,"255,460"
VTA,8.69,+.02,"254,849"
CTRM,.6610,-.0091,"254,469"
PTOTF,.83936,-.07064,"253,386"
LTCCF,.6356,+.03009,"252,017"
PRKR,.50,+.01,"251,267"
SBT,2.85,-.22,"251,155"
SNANF,2.0500,+.6153,"247,932"
BXBLY,15.25,-.035,"247,671"
SRGHY,5.82,-.12,"244,226"
GARS,3.36,+.13,"243,716"
VREOF,.6000,-.10,"242,069"
NFBK,10.93,-.55,"240,200"
SECYF,.850,-.0505,"239,294"
CWBR,2.53,-.05,"238,058"
FQVLF,5.8258,-.2442,"237,776"
VWAPY,14.765,-.265,"234,448"
ZVO,2.80,+.14,"234,441"
PLX,3.34,-.21,"232,612"
PRIM,16.69,+.04,"232,459"
TLSNY,6.82,+.02,"232,041"
MOGU,1.315,-.185,"231,959"
USIO,2.29,+.11,"231,936"
REEMF,.9600,+.09,"231,412"
CTRN,16.24,-.30,"230,564"
INSE,2.69,-.36,"230,437"
AVCT,1.62,+.05,"230,263"
CRYYF,.4000,-.025,"229,000"
TZOO,6.12,-.40,"227,039"
VOLT,.8701,-.0041,"226,795"
EVAHF,1.01,-.07,"226,290"
NNGRY,15.31,-.40,"225,266"
XIACY,7.86,+.285,"224,726"
WINR,1.40,+.23,"223,274"
FENG,1.26,-.06,"222,809"
FF,13.08,-.01,"220,014"
PKE,12.13,-.13,"219,627"
BXC,6.90,-.26,"218,800"
GEOS,7.88,-.28,"218,797"
BCH,16.54,-.03,"217,951"
XTNT,1.23,-.09,"217,837"
AHC,1.55,-.12,"217,482"
VNRX,3.08,0,"217,327"
BWEN,2.62,+.14,"214,741"
ENG,1.05,+.025,"214,730"
DNJR,.955,-.0437,"213,950"
PZN,4.08,-.51,"212,759"
EPM,2.44,-.06,"212,736"
CULP,7.71,+.92,"212,558"
IMV,2.95,-.13,"212,352"
RCON,1.82,-.15,"210,858"
CORVF,2.45,+.13,"210,032"
TELNY,15.02,+.11,"209,639"
VMD,8.33,+.33,"208,462"
CAF,18.12,+.30,"203,533"
LBAI,11.10,-.20,"203,077"
EDNT,2.40,-.12,"202,843"
OOMA,12.54,-.20,"196,768"
COGNY,1.00405,+.00405,"195,688"
SUHJY,11.55,-.15,"195,629"
HVT,17.30,+.18,"195,162"
HMLP,10.37,+.07,"195,128"
HNRG,.7036,-.039,"193,108"
POWW,1.90,+.22,"192,241"
ORN,2.63,+.20,"191,950"
NSRPF,2.43985,-.09015,"191,927"
BYRN,.4299,+.0099,"191,091"
TCCO,3.18,+.08,"189,430"
PFSW,5.93,+.15,"188,941"
WISA,2.25,-.03,"188,820"
BTN,1.66,+.06,"186,478"
SCM,8.05,+.15,"186,155"
ELGX,.7354,-.0146,"186,074"
ORZCF,.5800,+.07795,"185,190"
ARSC,.0080,0,"184,447"
FBASF,.810,0,"184,216"
MDNAF,5.1000,+.3591,"183,157"
BRQS,1.46,-.04,"181,775"
FFLWF,.5042,-.0258,"181,312"
DLHC,7.40,-.50,"180,856"
BACHY,9.15,+.07,"180,480"
JAKK,.6000,-.016,"179,484"
SWRAY,5.30,0,"179,258"
FLL,1.97,+.01,"178,952"
VREYF,1.08,-.05,"178,141"
PMBC,3.80,0,"177,213"
APEX,.5100,-.0102,"176,537"
MAKSY,2.37,-.05,"175,867"
FIOGF,.7745,+.04533,"175,392"
PCLOF,.6202,-.0738,"174,059"
HGLB,6.48,+.06,"173,820"
SOL,1.02,+.01,"173,447"
RVLGF,.6800,+.06,"173,036"
BLBD,14.35,-.19,"172,426"
CLIR,.5205,-.0246,"172,357"
CANN,.5298,-.00636,"171,937"
SVNDY,17.075,-.385,"171,669"
MDXG,3.59,-.04,"170,955"
ALSK,2.61,+.03,"170,756"
RENN,4.49,+.11,"170,128"
ATGFF,10.70,-.6122,"169,620"
FLWPF,.4213,-.0287,"169,094"
PYRNF,1.0300,+.11,"168,828"
III,1.72,-.03,"167,491"
WHGOF,.7000,+.02,"167,084"
HBNC,10.26,-.385,"165,389"
ACBI,11.40,-.14,"164,632"
KBAL,11.19,-.60,"163,218"
DLAKY,10.255,-.355,"162,704"
HGBL,1.4200,-.06,"162,683"
JAX,4.24,-.21,"161,175"
DXPE,17.63,-.20,"160,866"
SLLDY,6.46,-.325,"157,455"
SBPH,1.65,-.01,"156,735"
SCPH,8.33,-.04,"156,609"
ZTR,8.35,0,"156,247"
NVFY,1.20,0,"155,431"
SUTNY,2.87,-.055,"155,186"
GRBK,10.70,+.04,"155,040"
UROV,9.84,+.13,"154,875"
CRNX,16.34,-.03,"152,775"
NABZY,5.87,-.315,"151,837"
ASPN,6.20,-.18,"150,905"
ELMD,14.42,+.45,"150,466"
LEAF,2.73,+.20,"150,358"
PFMT,.6000,0,"150,304"
ANZBY,11.84,-.45,"149,336"
ANIX,2.28,0,"149,226"
HCFT,2.30,-.08,"149,137"
CREG,2.18,-.13,"148,776"
METC,2.71,-.22,"148,217"
TAKOF,.5250,+.029,"147,978"
NHYDY,2.50,-.07,"147,675"
HBB,9.55,-.70,"147,405"
SPRO,11.82,-.04,"146,458"
RYCEF,3.54,-.44,"146,373"
BTVCY,18.46,+.04,"146,161"
DNHBY,13.46,-.12,"145,499"
AGLE,8.81,-.09,"143,768"
EQXWF,.3900,-.0042,"142,885"
PHT,7.32,+.03,"142,798"
USDP,3.36,-.14,"142,550"
ATHE,.580,-.023001,"142,383"
NHTC,7.30,+.68,"142,268"
MRAM,5.89,-.13,"142,192"
XPEL,14.93,-.17,"140,950"
PCOM,7.49,+.02,"140,039"
LOAC,10.60,+.05,"140,000"
ITCB,3.04,-.73,"139,607"
BPAQF,4.01,+.0884,"139,536"
RMGGF,.7350,+.02,"139,092"
LWLG,.7850,-.019,"138,472"
EARN,9.47,-.19,"138,296"
KIO,11.60,+.12,"137,796"
WRN,.7901,-.009,"137,346"
KMDA,7.85,+.18,"136,267"
OSBC,7.70,-.17,"135,719"
OBLN,.9699,-.0301,"133,891"
GNFT,5.22,-.09,"133,800"
RICK,14.49,-.02,"133,387"
CCHWF,2.80,-.14,"133,122"
RM,15.86,-.68,"132,706"
SIC,3.21,-.03,"132,268"
SCRYY,2.52,-.12,"131,686"
PLSE,9.09,-.41,"131,637"
ATAX,4.78,-.19,"130,930"
NLBIF,.5500,+.0377,"129,664"
FRAN,3.26,-.05,"128,561"
FLOOF,.5382,-.045,"128,400"
SGU,7.90,-.09,"127,423"
NCSM,.5199,-.0301,"126,299"
MIND,1.5400,-.03,"126,233"
MKGI,1.42,-.14,"125,196"
DTRC,.2500,+.003,"125,084"
NGVC,14.40,+.05,"125,078"
HUTMF,1.26,+.05,"123,053"
AXAHY,18.28,-.31,"122,928"
MHI,11.42,+.13,"120,698"
TUIFY,2.77,-.27,"120,608"
TPRFF,5.08,-.06,"119,902"
RAVE,.9001,-.0539,"119,547"
AVD,13.30,-.22,"119,524"
AMGDF,.79,+.10,"118,474"
AEYE,8.47,-.16,"118,152"
EKSO,3.83,+.30,"118,042"
NBRpA,6.42,-1.27,"117,915"
LBC,10.28,-.26,"116,209"
IDN,6.14,+.19,"116,117"
LEU,8.55,+.02,"115,918"
CIA,6.08,-.23,"115,915"
EARS,.999,-.031,"115,529"
INVVY,7.1832,-.1168,"113,905"
GECC,3.24,-.26,"113,701"
FFIC,11.34,-.56,"112,531"
RDI,3.50,-.33,"112,419"
TA,13.62,-.28,"112,264"
WNDW,3.05,+.175,"111,728"
OLP,15.85,-.64,"110,101"
FNMFN,14.14,-.06,"109,815"
OFS,4.99,0,"109,274"
PRCP,3.00,+.09,"107,298"
GBOOY,15.25,-.52,"107,281"
MYOS,.8850,-.0004,"106,527"
SONA,10.06,-.41,"106,515"
MCTC,.5490,-.091,"106,354"
PUMSY,7.41,+.30,"105,717"
EXLLF,.5859,+.0459,"105,518"
GSMG,3.19,+.10,"105,187"
UVSP,16.44,-.45,"105,159"
SMNNY,18.325,-.155,"104,909"
ALLT,10.67,+.18,"103,502"
ORKLY,8.92,+.2202,"102,915"
NEBU,10.28,+.03,"102,730"
FGB,3.70,-.09,"102,724"
CTEK,1.35,-.07,"102,506"
MANU,16.63,+.02,"102,253"
HSDEF,.4600,-.0388,"101,869"
ATXI,11.47,+.375,"101,108"
HHS,2.28,+.02,"101,010"
TLSYY,10.69,-.05,"100,452"
CRHM,1.93,-.02,"98,825"
MJDLF,2.62,-.22,"97,249"
MPX,11.25,-.46,"96,885"
ENTX,1.92,-.08,"96,711"
NEXT,1.51,0,"96,190"
QUIK,4.92,-.18,"96,176"
FPAY,1.58,+.06,"95,790"
MTNOY,3.16,+.035,"95,695"
DXYN,1.04,+.22,"95,642"
RGT,11.23,-.04,"95,243"
BCLYF,1.509,+.079,"94,391"
KZIA,3.07,+.305,"93,935"
RYKKY,15.05,-.34,"93,890"
STLY,.5500,+.01,"93,555"
KNWN,2.04,+.12,"93,122"
SNDE,2.48,-.07,"92,150"
PRYMY,10.86,+.28,"92,060"
GLGDF,.6280,+.0478,"91,491"
SAWLF,1.303,-.067,"90,965"
ETTX,2.77,+.06,"90,567"
MYD,13.13,+.17,"90,353"
GAPFF,1.90,-.15,"89,659"
ACTTW,.92,+.0069,"89,622"
IGA,8.27,+.01,"89,430"
HYPMY,6.14,+.30,"88,550"
LTBR,5.3098,-.3302,"87,792"
BCEKF,1.87,+.07,"87,381"
QUBT,2.05,+.45,"87,090"
OCLN,.1086,-.0014,"86,809"
CERGF,1.85,0,"86,595"
MSADY,14.73,+.305,"85,226"
SMHB,4.48,-.13,"84,586"
PRMRF,1.18,-.05,"83,805"
INTZ,4.7000,+.30,"83,400"
ACH,4.77,+.02,"83,272"
LEDS,2.91,+.05,"83,190"
CRTPF,2.02,-.15,"82,550"
CBDS,.625,-.049,"82,428"
BGI,.6007,-.0793,"82,233"
PCYO,10.16,+.18,"82,048"
STAF,.7600,+.02,"81,743"
SIFY,.930,+.0004,"80,929"
NGENF,1.73,+.1535,"80,042"
STKS,1.835,+.025,"79,909"
PBTS,2.60,-.07,"79,757"
SHPMF,1.50,0,"79,700"
MCBC,7.39,-.12,"79,319"
NCNA,6.27,-.06,"78,839"
WHLR,1.43,0,"78,348"
GV,3.85,-.06,"77,765"
LINC,3.90,+.08,"77,658"
QBIEY,5.8575,-.0625,"77,535"
LTRX,3.61,-.03,"77,240"
RCA,17.65,+.27,"76,975"
PTQQF,.9463,+.0233,"76,879"
FPAC/WS,.67,-.03,"76,650"
CMT,4.75,+.65,"76,574"
YVR,1.50,-.08,"76,471"
ECF,11.04,+.325,"76,106"
BXG,4.36,+.04,"75,980"
BBF,12.15,+.15,"75,844"
EFF,13.73,+.32,"75,519"
THBIY,1.46,0,"75,205"
STLHF,.7100,-.037,"74,947"
PTAIY,6.30,+.33,"74,902"
USOI,4.6885,+.0785,"73,761"
CLPR,7.38,+.19,"73,377"
CVV,3.1551,+.1951,"73,306"
BBGI,2.37,-.13,"72,909"
AMXEF,1.1133,-.01,"72,279"
CCLAY,5.8325,-.0275,"71,990"
MAGS,2.9473,-.0427,"71,979"
GPX,7.85,+.19,"71,901"
TGLS,4.91,+.51,"71,829"
NBGIF,1.39,-.06,"71,692"
ESEA,2.72,-.03,"71,362"
SGAMY,3.24,-.04,"70,784"
IDYA,9.79,+.39,"70,525"
LAZY,6.08,-.42,"70,426"
CPIX,3.31,+.03,"69,909"
XELB,.8064,-.0136,"69,450"
JBSAY,8.19,+.02,"69,000"
MOGO,.862,-.0132,"68,816"
HLPPY,10.50,-.09,"68,596"
CIMpC,18.35,0,"68,181"
JSAIY,9.55,+.175,"68,072"
ORGS,7.27,+.41,"67,978"
QES,.7120,-.0306,"67,938"
LGI,13.81,+.06,"67,622"
HSNGY,15.46,-.0685,"67,161"
IENVF,2.77658,-.06342,"67,023"
EGIF,13.35,-.05,"66,865"
USEG,6.43,-.17,"66,793"
VBIO,.0600,0,"66,771"
DTEA,.877,-.0149,"66,634"
TWIN,5.49,+.01,"66,074"
HNNMY,2.95,-.02,"65,525"
SRT,4.21,-.11,"65,121"
BSET,6.40,-.20,"65,115"
CBMG,13.77,-.03,"64,154"
LCDX,.52,-.05,"63,786"
BKRIF,1.85,-.07,"63,448"
EDUC,8.25,+.31,"63,336"
TURN,1.65,+.0233,"63,220"
MITJF,.039166,-.000834,"62,033"
ISDR,10.45,+.25,"61,851"
CYAD,11.3309,+.3308,"61,666"
BFST,14.49,-.71,"61,559"
DGICA,14.25,-.43,"61,314"
LMGDF,.576669,+.028969,"61,244"
PEIpC,5.97,-.18,"61,053"
HBCYF,4.59,-.21,"60,971"
USNZY,1.115,+.035,"60,806"
GRYN,.4600,+.02,"59,778"
GNSS,4.58,+.05,"59,336"
BPYUP,16.09,+.09,"58,798"
GPP,6.61,+.36,"58,627"
UDFI,1.50,+.05,"58,101"
LMNL,10.34,+1.02,"57,840"
MRPLY,7.3638,-.3512,"57,583"
GIGM,2.79,+.10,"56,381"
FWP,5.95,-.06,"56,347"
CMCL,15.59,+.20,"56,063"
TOLWF,.5988,-.0012,"56,000"
MWK,5.15,-.39,"55,988"
JDD,7.51,-.05,"55,914"
PVL,1.65,-.035,"55,671"
AOTVF,.6423,-.0086,"55,500"
TEAR,.0549,0,"55,417"
CWGL,5.50,-.005,"55,012"
INOD,1.36,0,"54,439"
PIOE,2.1250,+.005,"54,200"
RCAR,1.52,+.0401,"54,150"
FLNG,4.60,-.04,"54,037"
NBH,14.13,-.02,"53,864"
MMU,12.03,+.18,"52,886"
RVXCF,.5708,+.0281,"52,370"
ARYAU,14.67,+2.42,"52,255"
NTZ,.7660,-.124,"52,147"
ONCT,3.06,0,"51,936"
ROGFF,.9481,-.0019,"51,573"
SOFO,4.13,-.21,"51,497"
ENT,2.16,-.03,"50,894"
TCLRY,.29,+.03,"50,871"
INDXF,.6852,+.0452,"50,683"
TLGT,3.90,-.13,"50,677"
CPCAF,1.01,+.041,"49,900"
OCCI,9.45,+.06,"49,584"
JRJC,5.25,+.20,"49,470"
IMBI,3.75,-.05,"49,388"
URPTF,3.705,+.006,"49,230"
BIOX,6.69,+.19,"48,714"
PZG,1.1200,+.04,"48,664"
SANW,2.13,-.13,"48,245"
SVRGF,2.10,-.07,"48,241"
PTXKY,3.80,+.72,"47,587"
BTA,11.42,+.16,"47,397"
UBFO,6.13,-.19,"47,027"
VJET,1.12,0,"46,619"
IRRZF,.9900,-.01,"46,571"
BGSF,10.44,-.19,"46,175"
TIPT,6.10,-.19,"45,746"
MFH,1.59,+.06,"44,652"
AERO,2.74,+.06,"44,579"
AREM,.1200,-.016,"44,563"
PLXP,3.68,-.23,"44,518"
RVSB,5.00,-.07,"44,387"
MNSB,13.27,-1.42,"44,358"
MNDJF,1.475,-.015,"43,840"
EMMS,1.38,-.02,"43,724"
AUTO,.97,+.01,"43,685"
RETO,1.0599,-.1401,"43,055"
MFD,7.93,+.08,"42,944"
SMTS,.7964,+.0364,"42,659"
GTIM,1.16,-.07,"42,651"
VFL,11.99,+.22,"42,595"
PEIpD,5.95,-.230312,"42,142"
BKTI,2.81,-.02,"41,916"
PBIO,2.36,-.22,"41,799"
RUSMF,10.645,-.24,"41,323"
ENRFF,4.05,+.03,"41,270"
FLXS,9.93,-.36,"41,145"
BMWYY,19.67,-.11,"40,892"
RBNC,14.00,+.34,"40,860"
DSEEY,4.1075,-.1225,"40,717"
GASNY,3.79,+.10,"40,265"
GSH,9.68,+.10,"40,188"
VLVLY,14.155,-.115,"39,960"
ORGH,1.6500,-.07,"39,940"
CCM,1.39,-.111,"39,549"
LIVE,10.5538,+.0538,"39,176"
VCNX,3.8409,+.1409,"38,239"
BNET,.5300,-.08,"38,108"
BHTG,1.05,-.04,"37,820"
GF,14.20,+.145,"37,511"
BRT,11.28,+.60,"37,476"
PROF,12.34,+.14,"37,448"
INTT,3.18,-.06,"37,392"
ZTCOY,5.02,+.08,"37,342"
PCF,7.53,+.12,"37,212"
NTN,1.12,+.07,"37,074"
CXH,9.11,+.04,"36,945"
PCSB,13.36,-.46,"36,739"
GRIN,2.33,-.185,"36,124"
ALST,.8599,+.4449,"35,304"
FBIOP,18.01,+.06,"35,090"
CEA,17.38,+.16,"35,043"
RIOCF,10.59,-.1447,"34,953"
CPTAG,19.00,+1.00,"34,785"
MRLN,7.49,+.06,"34,778"
PANL,2.08,+.12,"34,773"
WYNMF,1.66,-.05,"34,258"
TSGTF,6.805,+.165,"34,250"
DDF,8.89,-.04,"34,240"
DLA,12.31,-.33,"34,038"
LCSHF,8.1701,+.1701,"33,925"
HEOFF,.700,-.0039,"33,735"
FORD,1.22,0,"33,215"
GSIT,7.53,-.01,"32,977"
RMCF,4.29,+.02,"32,914"
AHTpG,7.43,-.31,"32,665"
VODG,.5850,+.0055,"32,612"
MDLX,2.80,-.22,"32,080"
MARPS,2.08,-.26,"31,937"
SNST,1.7400,+.14,"31,923"
WTT,1.01,+.02,"31,374"
DCTH,7.81,-.32,"31,216"
KNCAY,7.24,-.6925,"30,685"
ESCA,10.08,-.08,"29,814"
IVDA,.4620,+.022,"29,750"
FCCY,12.84,-.12,"28,468"
TSRYY,6.42,-.20,"28,429"
BJCHF,.650,+.03,"28,201"
CDEVY,5.3425,+.0125,"28,117"
RELL,4.20,+.15,"27,732"
BSQR,1.4701,-.0799,"27,333"
EAST,1.54,+.02,"26,981"
RYDBF,15.00,-.35,"26,719"
SZEVY,5.66,+.07,"26,678"
ESYJY,8.28,-1.00,"26,526"
BMNM,.66,+.01,"25,996"
TBVPF,.5500,+.115,"25,909"
CRERF,15.1385,+.4785,"25,778"
BWG,11.84,0,"25,709"
CHPGF,2.76,+.19396,"25,707"
GEAHF,2.32,-.05,"25,626"
SLVO,6.319,+.059,"25,401"
ALNPY,4.72,-.315,"24,959"
FINMY,3.035,-.1151,"24,934"
CJREF,2.31,-.04,"24,708"
MDLQ,2.898,-.302,"24,285"
ACY,2.36,+.02,"24,058"
ETCMY,2.40,-.225,"23,948"
ZTCOF,2.51,-.01,"23,839"
HLDVF,3.44,-.476,"23,607"
DIIBF,3.585,+.0201,"23,499"
SUMR,6.2477,+.6477,"23,282"
MLP,10.51,-.10,"23,257"
IPATF,1.0200,0,"23,218"
TSQ,4.47,+.12,"23,173"
AJINY,17.08,+.245,"23,075"
BDVSY,17.42,-.44,"22,833"
EHVVF,.3200,+.04697,"22,830"
ESSA,14.35,+.95,"22,312"
GHMP,.7050,+.055,"22,075"
MEGGF,3.535,-.315,"21,891"
JSHLY,10.06,+.01,"21,876"
MALJF,4.43,-.12,"21,816"
HCAP,4.02,+.035,"21,540"
SHBI,10.00,-.20,"21,024"
SOHOB,8.10,-.30,"20,952"
SOLCF,.4200,+.009,"20,633"
RELV,3.70,+.187,"20,489"
ZMTP,2.15,+.01,"20,315"
SDXAY,13.46,-.32,"20,302"
KIGRY,13.98,-.32,"20,234"
JBFCF,2.285,-.185,"19,991"
PMTS,1.39,-.10,"19,857"
WEYL,2.45,+.25,"19,788"
MEGGY,6.80,-.52,"19,729"
KGJI,1.00,+.0199,"19,543"
SCBH,11.65,-.30,"19,356"
CIMpD,18.40,-.10,"19,179"
INCZY,1.28,-.03,"19,171"
WEDXF,1.2499,+.0303,"19,150"
YAMHF,14.076,-1.074,"18,902"
CKHUF,6.04,-.14,"18,887"
ALPN,3.70,+.08,"18,718"
AAIGF,8.243,-.107,"18,506"
NLLSF,1.5100,-.04,"18,383"
SEKEY,5.57,-.175,"18,208"
CHFFF,.520,-.01,"18,000"
CADNF,10.19,+.18,"17,692"
MFCO,.5000,0,"17,500"
LWSCF,6.7943,-.3365,"17,301"
BCII,2.35,-.65,"17,142"
CAOVY,15.40,-.035,"16,983"
BAF,13.55,+.17,"16,982"
NSANF,3.82,-.245,"16,818"
NOPMF,6.20,+.1989,"16,671"
JETR,.3050,-.275,"16,087"
GURE,4.32,-.125,"16,052"
EPSN,2.91,-.01,"15,910"
SINGF,2.74,-.028,"15,739"
WINT,7.22,-.05,"15,653"
SOHOO,8.18,-.50,"15,544"
RSSV,.3400,-.11,"15,524"
MYTAY,5.65,-.61,"15,453"
SUUIF,6.7702,-.1798,"15,439"
CELP,4.61,+.1203,"15,383"
AMBO,1.645,-.005,"15,380"
FNMAP,12.50,+.66,"15,275"
NUO,14.96,+.09,"14,842"
MGIC,10.17,+.06,"14,714"
PUGOY,14.25,-.446,"14,421"
SVAP,.0980,+.018,"14,350"
MAKSF,1.13,-.03,"13,848"
MKRIF,.5571,+.0369,"13,786"
FINGF,13.3187,+.0616,"13,768"
HNLGY,9.76,-.35,"13,700"
NMTC,1.49,-.04,"13,655"
PARXF,11.38663,-.02736,"13,631"
USLG,.56,+.01,"13,610"
NGQRF,.50425,-.00475,"13,401"
FEIM,8.16,-.43,"13,219"
HTpC,11.85,-.48,"12,871"
BNDSY,.569,-.0431,"12,500"
BYDIF,1.87,-.06,"12,243"
BRBW,7.90,-.10,"12,226"
SOHON,8.12,-.8983,"12,119"
AFLYY,4.58,-.12,"12,076"
PVBK,6.775,+.0249,"12,050"
VTSYF,3.71,-.22,"12,000"
FVGCF,.0130,-.1398,"11,987"
SWKH,13.76,+.01,"11,946"
BBDO,3.26,0,"11,930"
DYFSF,.5815,-.0213,"11,800"
FUND,5.86,+.02,"11,680"
MITTpA,10.9657,-.2843,"11,518"
ANTE,.71,-.01999,"11,477"
PRMNF,.6444,+.0114,"11,454"
BXNG,.6800,+.03,"11,358"
REMYY,12.0975,-.3025,"11,228"
ASFI,12.50,+.05,"11,021"
TGLVY,12.00,+.195,"10,777"
AMNF,2.31,-.01,"10,769"
RHEpA,2.0000,+.11,"10,720"
MGAWY,10.476,-.024,"10,603"
WBSI,.6000,+.10,"10,511"
MCLDF,2.96,-.0541,"10,499"
CELC,9.73,-.92,"10,486"
FRMO,4.80,+.15,"10,480"
OWPC,.56,+.06,"10,321"
CWBC,6.51,+.11,"10,201"
BRBMF,3.21735,0,"10,000"
TLED,.0781,0,"10,000"
BKEAY,1.76,-.10,"9,968"
AHTpH,7.55,-.30,"9,828"
DSFGY,8.05,-.14,"9,800"
WYGPY,5.66,-.55,"9,666"
ITVPY,10.06,-.45,"9,506"
NWGI,2.85,+.10,"9,394"
PFIN,4.80,-.175,"9,386"
IMTE,3.60,-.11,"9,310"
PMD,5.80,+.28,"9,152"
WINS,7.07,+.1101,"8,918"
HTpE,11.84,-.1701,"8,615"
NDVLY,1.98,-.045,"8,509"
FSRL,5.50,+.46,"8,500"
HLDCY,3.56,-.005,"8,261"
FXNC,13.28,0,"8,126"
EXETF,4.05,+.05,"8,120"
FAT,3.2622,+.0822,"8,065"
GLKIF,.00225,+.00105,"8,000"
PLL,7.75,-.4028,"7,989"
CBWBF,16.46,-.68,"7,901"
AOZOY,4.61,-.17,"7,879"
AGRPY,9.00,-.3725,"7,528"
BDR,.5300,-.025,"7,478"
ADIL,1.6151,-.0249,"7,472"
JSNSF,2.31,-.01,"7,451"
TACT,4.10,-.17,"7,404"
SPXCF,5.91,+.04,"7,350"
CIG/C,2.05,-.10,"7,314"
SMUUY,8.84,-.16,"7,261"
NTIC,7.4089,+.1189,"7,189"
RSSS,3.0300,+.03,"7,116"
VCF,13.77,+.03,"7,009"
PCCWY,5.37,-.0325,"6,990"
APEN,1.80,-.11,"6,862"
UBAAF,1.6601,+.0001,"6,800"
BGAOY,4.081,-.214,"6,745"
IINX,1.25,0,"6,588"
ATSAF,14.50,-.70,"6,551"
EQS,1.08,-.02,"6,447"
PTNR,4.10,+.02,"6,275"
CPMD,1.45,-.12,"6,160"
UNAM,5.5075,-.3925,"6,053"
FNGR,.4500,+.05,"6,000"
ABAHF,4.3275,-.6025,"5,877"
RAND,11.39,-.03,"5,831"
OXBDF,9.785,+.26,"5,820"
YUEIF,1.55,0,"5,500"
SCEXF,3.38,+.01,"5,474"
NMRD,7.30,+.1347,"5,455"
OPHLY,9.41,+.035,"5,359"
TOPPY,8.50,-.10,"5,351"
EXEO,.8500,+.0111,"5,325"
PHUNW,.2001,+.0001,"5,272"
TUIFF,5.51,-.79,"5,259"
CHKVP,5.50,-.50,"5,027"
STBI,14.14,-.71,"5,007"
INCAF,.3544,+.0144,"5,000"
PSSR,.47,0,"5,000"
BLMC,2.87,+.27,"4,980"
KRBF,.32,+.07,"4,923"
UBCP,11.38,+.33,"4,902"
CHKGF,5.355,+.08,"4,821"
ICTSF,2.9700,+.47,"4,785"
FRHHF,.880,+.0348,"4,695"
SINGY,8.50,-.49,"4,638"
CLLDY,4.025,+.015,"4,510"
KULR,1.00,0,"4,489"
BNSO,2.30,+.01,"4,315"
PHGUF,1.4500,-.04,"4,284"
MRRTY,2.44,+.065,"4,245"
SVLKF,1.4000,+.05,"4,241"
FBVA,12.75,0,"4,200"
AMSSY,7.52,-.255,"4,087"
PVOTF,.1550,+.005,"4,068"
EQUEY,3.558,-.222,"4,055"
WMCB,8.20,+.14,"4,000"
